year,month,season,district,temperature_c,rainfall,humidity_pct,evi_i,ndvi_i,clay_0_5cm,ph_0_5cm,sand_0_5cm,yield_mt_per_ha
2019,August,Yala,Anuradhapura,28.03,3.0,72.76,0.3955,0.5318,276.0,58.0,480.0,31.9291
2019,August,Yala,Matale,25.89,4.07,78.67,0.2695,0.3553,321.0,57.0,434.0,34.4401
2019,August,Yala,Polannaruwa,28.69,2.34,70.01,0.3431,0.6451,297.0,60.0,315.0,7.8307
2019,October,Yala,Anuradhapura,26.08,13.06,86.56,0.1537,0.4681,276.0,58.0,480.0,23.3333
2019,October,Yala,Kurunegala,24.74,13.1,88.14,0.3846811687,0.6028849845,337.0,57.0,396.0,2.0
2019,September,Yala,Anuradhapura,27.5,4.42,77.31,0.3073,0.4141,276.0,58.0,480.0,18.5907
2019,September,Yala,Kurunegala,25.59,6.33,81.83,0.4448614626,0.6217754958,337.0,57.0,396.0,27.7955
2019,September,Yala,Matale,25.59,6.33,81.83,0.2494,0.432,321.0,57.0,434.0,14.4203
2019,September,Yala,Polannaruwa,28.22,4.2,74.36,0.376,0.4412,297.0,60.0,315.0,11.0301
2020,August,Yala,Anuradhapura,28.2,0.78,73.37,0.3607,0.6462,276.0,58.0,480.0,2.7166
2020,August,Yala,Kurunegala,25.66,2.71,82.44,0.484800739,0.6659124136,337.0,57.0,396.0,15.4286
2020,August,Yala,Matale,25.66,2.71,82.44,0.206,0.4167,321.0,57.0,434.0,9.7201
2020,August,Yala,Polannaruwa,28.74,0.79,71.86,0.386,0.5171,297.0,60.0,315.0,13.3125
2020,November,Yala,Anuradhapura,26.11,10.93,87.38,0.4727,0.6505,276.0,58.0,480.0,15.0
2020,October,Yala,Anuradhapura,27.56,1.94,76.67,0.3811,0.6218,276.0,58.0,480.0,10.0
2020,October,Yala,Kurunegala,25.64,2.26,81.91,0.4699152173,0.6787295376,337.0,57.0,396.0,4.0
2020,October,Yala,Matale,25.64,2.26,81.91,0.2393,0.4489,321.0,57.0,434.0,17.4474
2020,October,Yala,Polannaruwa,28.45,1.26,72.97,0.3531,0.526,297.0,60.0,315.0,18.1667
2020,September,Yala,Anuradhapura,26.84,5.78,80.78,0.5085,0.6323,276.0,58.0,480.0,13.27
2020,September,Yala,Kurunegala,25.09,5.43,84.37,0.3963517099,0.541999693,337.0,57.0,396.0,17.0392
2020,September,Yala,Matale,25.09,5.43,84.37,0.2337,0.3357,321.0,57.0,434.0,12.8067
2020,September,Yala,Polannaruwa,27.79,3.77,75.92,0.3259,0.4553,297.0,60.0,315.0,15.5027
2021,August,Yala,Kurunegala,24.94,3.41,86.49,0.4171859971,0.5968792432,337.0,57.0,396.0,0.3448
2021,November,Yala,Anuradhapura,25.32,17.29,91.75,0.3509,0.6068,276.0,58.0,480.0,37.25
2021,October,Yala,Anuradhapura,26.44,10.6,85.65,0.5952,0.6159,276.0,58.0,480.0,18.8631
2021,October,Yala,Kurunegala,25.01,10.58,87.43,0.4371369885,0.6337757984,337.0,57.0,396.0,27.4483
2021,October,Yala,Matale,25.01,10.58,87.43,0.2009,0.3557,321.0,57.0,434.0,22.0447
2021,October,Yala,Polannaruwa,27.21,13.64,82.42,0.364,0.5319,297.0,60.0,315.0,15.8747
2021,September,Yala,Anuradhapura,27.78,3.78,77.17,0.3633,0.6595,276.0,58.0,480.0,20.5696
2021,September,Yala,Kurunegala,25.43,4.34,85.62,0.4621542476,0.60182033,337.0,57.0,396.0,18.2373
2021,September,Yala,Matale,25.43,4.34,85.62,0.5065,0.6203,321.0,57.0,434.0,22.1614
2021,September,Yala,Polannaruwa,28.27,3.15,76.02,0.4276,0.4969,297.0,60.0,315.0,16.6256
2022,August,Yala,Anuradhapura,27.29,2.82,77.72,0.4203,0.6239,276.0,58.0,480.0,6.0788
2022,August,Yala,Matale,24.94,6.12,85.12,0.3194,0.5548,321.0,57.0,434.0,2.2013
2022,November,Yala,Anuradhapura,25.0,7.64,87.55,0.3307,0.4731,276.0,58.0,480.0,16.6
2022,October,Yala,Anuradhapura,26.62,7.15,80.89,0.4539,0.6803,276.0,58.0,480.0,12.1524
2022,October,Yala,Kurunegala,24.81,7.6,85.35,0.4539335174,0.759751494,337.0,57.0,396.0,7.5
2022,October,Yala,Matale,24.81,7.6,85.35,0.218,0.5071,321.0,57.0,434.0,3.054
2022,October,Yala,Polannaruwa,27.13,11.86,80.15,0.3512,0.5053,297.0,60.0,315.0,12.9335
2022,September,Yala,Anuradhapura,27.47,1.56,76.14,0.4495,0.6,276.0,58.0,480.0,13.3377
2022,September,Yala,Kurunegala,25.13,2.67,84.18,0.4943710405,0.6790669495,337.0,57.0,396.0,8.2083
2022,September,Yala,Matale,25.13,2.67,84.18,0.3345,0.4767,321.0,57.0,434.0,3.7506
2022,September,Yala,Polannaruwa,27.78,2.0,76.67,0.3419,0.5348,297.0,60.0,315.0,13.2231
2023,August,Yala,Polannaruwa,30.34,0.8,64.26,0.4228,0.617,297.0,60.0,315.0,15.4524
2023,October,Yala,Anuradhapura,26.92,10.54,82.95,0.4741,0.6725,276.0,58.0,480.0,18.0309
2023,October,Yala,Kurunegala,25.1,13.56,87.82,0.5455532506,0.7614534961,337.0,57.0,396.0,19.7273
2023,October,Yala,Matale,25.1,13.56,87.82,0.3808,0.6287,321.0,57.0,434.0,20.3165
2023,October,Yala,Polannaruwa,27.27,17.19,82.83,0.421,0.6047,297.0,60.0,315.0,18.9195
2023,September,Yala,Anuradhapura,28.28,2.42,72.9,0.3138,0.6526,276.0,58.0,480.0,19.6646
2023,September,Yala,Kurunegala,25.89,7.28,81.56,0.4233380091,0.6401415514,337.0,57.0,396.0,11.8333
2023,September,Yala,Matale,25.89,7.28,81.56,0.2327,0.3678,321.0,57.0,434.0,21.7164
2023,September,Yala,Polannaruwa,28.69,4.1,73.19,0.3468,0.5513,297.0,60.0,315.0,17.6188
2024,August,Yala,Anuradhapura,28.12,3.82,76.96,0.3001,0.5761,276.0,58.0,480.0,22.2414
2024,August,Yala,Kurunegala,26.08,4.52,82.05,0.5087335264,0.7066276186,337.0,57.0,396.0,23.0526
2024,August,Yala,Matale,26.08,4.52,82.05,0.21,0.3916,321.0,57.0,434.0,35.0957
2024,August,Yala,Polannaruwa,28.64,4.4,75.75,0.3529,0.6193,297.0,60.0,315.0,35.0
2024,July,Yala,Anuradhapura,28.87,0.24,71.94,0.2788,0.4068,276.0,58.0,480.0,16.2857
2024,July,Yala,Matale,26.39,1.62,80.47,0.311,0.4822,321.0,57.0,434.0,27.0
2024,June,Yala,Anuradhapura,28.15,0.82,79.34,0.4258,0.6203,276.0,58.0,480.0,16.1111
2024,June,Yala,Matale,26.52,2.03,82.81,0.2145,0.4698,321.0,57.0,434.0,14.0
2024,October,Yala,Anuradhapura,27.12,6.17,83.23,0.2732,0.4639,276.0,58.0,480.0,22.8581
2024,October,Yala,Kurunegala,25.89,4.0,83.48,0.4113920329,0.6051168543,337.0,57.0,396.0,35.7391
2024,October,Yala,Polannaruwa,27.72,6.41,81.9,0.3693,0.6077,297.0,60.0,315.0,21.3667
2024,September,Yala,Anuradhapura,28.89,0.81,73.33,0.2031,0.2807,276.0,58.0,480.0,21.3653
2024,September,Yala,Kurunegala,26.62,1.48,80.41,0.4621858749,0.6975074406,337.0,57.0,396.0,31.3125
2024,September,Yala,Matale,26.62,1.48,80.41,0.1949,0.4173,321.0,57.0,434.0,24.9756
2024,September,Yala,Polannaruwa,29.15,0.92,73.22,0.327,0.4862,297.0,60.0,315.0,21.8103
2025,August,Yala,Anuradhapura,28.23,1.22,72.88,0.3814,0.6116,276.0,58.0,480.0,21.087
2025,August,Yala,Matale,25.24,1.96,84.55,0.2712,0.4899,321.0,57.0,434.0,20.3016
2025,October,Yala,Kurunegala,25.11,11.54,87.42,0.4665879464,0.6693670007,337.0,57.0,396.0,13.8846
2025,September,Yala,Anuradhapura,28.39,2.19,72.63,0.4195,0.5916,276.0,58.0,480.0,21.0667
2025,September,Yala,Kurunegala,25.64,5.22,83.32,0.2829356769,0.453867862,337.0,57.0,396.0,11.7727
2025,September,Yala,Matale,25.64,5.22,83.32,0.2794,0.3953,321.0,57.0,434.0,21.9655
2025,September,Yala,Polannaruwa,28.81,2.17,71.57,0.3233,0.5403,297.0,60.0,315.0,22.8462
2023,September,Yala,Polannaruwa,28.66368025674152,4.066653835155358,72.95448252303817,0.34620508352028667,0.5567541224549866,294.4459598693536,59.99878730093178,317.61381744017996,17.792087070382244
2020,October,Yala,Anuradhapura,27.451645295010437,2.080015282369066,76.71709557651214,0.38457670859575294,0.6143451582048596,277.08000423186286,58.04695400735229,487.0414750236381,10.126167243379681
2025,September,Yala,Kurunegala,25.66811844478675,5.4493692203887365,83.56652202846358,0.2880499161429891,0.45878054394357676,337.45369617934335,57.042452128380106,391.5677071111082,11.47973287667727
2024,October,Yala,Anuradhapura,27.03601514395682,6.228198246847776,83.2769962277495,0.27309011222823876,0.4601589957831619,273.8360635448269,57.968158340972714,483.3576812287832,23.043084067087094
2020,September,Yala,Matale,25.047770623803668,5.485287189777027,84.42597982411753,0.2311718706264784,0.332655828718714,320.15487678244733,56.977389492653174,430.790892130896,12.254315189591683
2021,November,Yala,Anuradhapura,25.304644810289712,17.391576643613057,91.63383117269863,0.3524507961527959,0.6125501235478913,276.8906655324536,57.94309325627148,475.49884449459427,37.09809408253176
2019,August,Yala,Polannaruwa,28.746922752120295,2.0338301654497024,69.71738695630012,0.3470415199419907,0.6444776087659025,295.67280632513433,60.0075798367466,308.638969600724,8.757287613428007
2020,September,Yala,Polannaruwa,27.880732388010234,3.861090796295133,76.27878294870838,0.3235140149849942,0.45836985828144505,298.20116188547826,59.903740840606744,313.0212797000591,15.380529649903345
2024,August,Yala,Anuradhapura,28.258995889012688,3.8095912644816567,76.84478784868992,0.29249327336491426,0.5713693008514645,274.8833963844963,58.05265722982585,477.21148008264214,21.360948583478002
2019,August,Yala,Matale,25.733696670358512,4.185988077726059,78.37759331516202,0.276309054222223,0.3590035870085945,321.3308702427694,57.140592492582755,432.3835640502519,34.44155877041971
2021,September,Yala,Kurunegala,25.236367251164523,4.357024049704699,85.54365643813408,0.46300133868481336,0.6008977112035703,335.09640023435855,57.076971305639674,398.01638905497566,18.220097323514203
2022,October,Yala,Matale,24.755918004032516,7.704188367757026,85.45705152302352,0.22462632788315914,0.5018077661952408,320.1865942826139,57.004144230204076,436.68771944405455,2.5305318769039378
2019,August,Yala,Matale,25.892332008343928,3.9850775953825273,77.8926610467072,0.27319105662441995,0.35412900490209126,320.4648107978351,57.01159743577203,432.8072806859724,34.1567684633224
2024,September,Yala,Anuradhapura,28.945499956913945,0.7959551507335682,73.18477645043642,0.2036242778709259,0.27781655125181515,272.3099381884742,58.04061214032039,475.3133156292025,21.362492415440954
2024,June,Yala,Matale,26.625999991400512,2.1777315248965,82.94443141305464,0.21825509952226438,0.47340070756473895,322.3227640002661,57.05563265558457,427.5964127984723,14.726463438170832
2020,September,Yala,Matale,25.109251620446393,5.484208970865651,84.25122391803902,0.23711364158115417,0.3373684764147192,319.95945780466025,56.96025430110935,431.32736598051406,12.970680372571685
2022,August,Yala,Anuradhapura,27.156635888547687,2.7784249318133116,77.20441956469678,0.4176426964587929,0.6225239116857947,275.4707108990951,58.06191502946168,478.7699554467689,5.536096939425928
2024,July,Yala,Matale,26.424900530375243,1.3686867467020023,80.5643591282281,0.3135565405341102,0.4792290491215894,320.27015971810727,56.888733754745516,436.0351438845231,26.657257483979386
2020,September,Yala,Polannaruwa,27.839397082816284,4.213896937266609,76.05455034146776,0.3321271091180528,0.463862400056177,297.0900164265111,59.94229663163177,313.387401081897,15.55075668158051
2023,September,Yala,Anuradhapura,28.32212125848091,2.479211567252872,72.99304599897899,0.30636024213754587,0.6451365312642827,273.91800812999645,57.91567999224243,477.95684506649724,19.911087471084244
2024,June,Yala,Anuradhapura,28.05728293370882,0.7188894069822406,79.5460706579079,0.42074082272211466,0.6228046347274715,275.0641873105857,58.054741037470414,475.5168645386796,15.806800750324534
2022,September,Yala,Matale,25.096179391441,3.0332847353852723,84.02423306375022,0.3357135555385646,0.4709985559114543,323.96939723899374,56.95127377879125,437.1074989704764,3.9012721252691813
2024,June,Yala,Matale,26.522837263287926,2.143470396851236,82.82790604872046,0.21155271999291436,0.4646641855373007,319.5838025366815,57.02159430479197,431.5486031477811,13.50478671976793
2020,October,Yala,Anuradhapura,27.548176829061354,1.9981662198268635,76.46202568911033,0.38467486052831545,0.6201232896046647,277.3281575099733,57.870408083199536,475.5983629250427,10.103560020753976
2024,October,Yala,Kurunegala,25.799655003192544,4.229964354426391,83.26758423646977,0.41801088245668955,0.6018248456716824,339.4524036074794,57.11955624525174,395.9896077774357,36.32329944861322
2024,October,Yala,Kurunegala,26.0655817945858,3.7717451386319936,82.66508940897435,0.42018625570497625,0.6063286433741144,336.84899500511864,56.95062070321563,397.5575729613607,35.70764041328633
2023,October,Yala,Matale,25.049554792295076,13.814132070310496,87.45535361227455,0.37584053592748373,0.6285281864964917,322.499471451443,56.94544004608474,430.0301750460038,21.280466084765163
2024,October,Yala,Kurunegala,25.935673738513263,4.168369664287444,83.50111417941474,0.41203866396002353,0.6021921317744556,337.1397845457589,57.02026277109966,393.2717874970706,35.306152800567
2023,September,Yala,Matale,25.91300565122273,7.4593621329153414,81.4015836403042,0.24183587340670948,0.3667710546046694,323.98098376057766,57.01286474381583,432.95032964782564,21.213731676527306
2024,August,Yala,Matale,26.09743558630821,4.504533724950417,82.01350476657588,0.20805650024572264,0.3930834211739943,319.7067158593001,57.01112375812264,431.96331292555334,34.485978298343596
2024,September,Yala,Anuradhapura,28.86442643137596,0.6511538380673741,73.16974394949932,0.19731615084224804,0.2854639736430972,278.6148149005844,58.06985919709829,477.95631672562115,21.198929683485293
2019,August,Yala,Polannaruwa,28.745846028696672,2.5380828433322615,69.86412323221465,0.3482297939067054,0.6424014758646295,297.4197750912866,59.99556488659196,319.8536387015447,7.977581219915215
2023,September,Yala,Matale,25.847177214977037,7.442862480866556,81.46701252576665,0.23316635774872876,0.3707271397062577,322.313597244431,56.91340654473171,435.63086160882625,22.391989592842666
2019,September,Yala,Kurunegala,25.59442414478797,6.335622747185772,81.90954883870538,0.441178641428863,0.617757573719437,337.17368442276245,57.03916101403153,393.4778286275201,27.921546122272414
2020,September,Yala,Matale,25.039505352419393,5.266644080485202,83.69240688648978,0.23677732453507128,0.3446517360501448,317.97756495689083,57.046955441250994,428.94097671811465,12.229383808255122
2025,September,Yala,Matale,25.596327980998993,5.2268795992815065,83.91409947367686,0.2795934929557013,0.40321443200508456,320.34440641929456,57.069365720224646,437.17352667537966,22.148370510361346
2022,October,Yala,Polannaruwa,27.19634826402638,12.05241587890698,80.35019464231513,0.34675982869394223,0.5106118556090801,295.5666374798785,59.998165845800905,315.78226241133797,12.832103595295546
2020,October,Yala,Polannaruwa,28.37608860800305,1.2189878216080638,73.31679363246019,0.34499073205600844,0.5240020869828157,297.94396014733974,59.964762361934696,315.1474111241542,18.50022690074273
2019,October,Yala,Anuradhapura,26.042464544395518,12.916925237958486,86.53658407803528,0.15620984718347575,0.46684605416089425,274.59342402879173,58.058089769786356,483.98857219414884,22.811911930926083
2024,June,Yala,Matale,26.7247389827803,2.100673070281239,83.04282252255811,0.21267431047696314,0.46842460677178777,321.1608385018071,57.10937014130817,433.8980764283409,14.517900341314759
2020,November,Yala,Anuradhapura,26.1571367090074,11.40460571587242,86.93378714391599,0.47424589273940737,0.651517614247989,274.2593714709531,57.920658895052306,480.7913517207436,14.079504519788856
2019,September,Yala,Polannaruwa,28.25611886129209,4.245309537891328,74.21310344736138,0.37819194411434476,0.4424104981570082,295.721294820115,60.13059568423786,314.8042813599864,11.097252521475635
2024,August,Yala,Anuradhapura,28.106419022356242,3.385358818939047,76.57758134070315,0.30140903832660565,0.5762334859267382,275.11929567593387,58.08286313649147,479.4405868407871,22.615309427142133
2019,August,Yala,Matale,25.886524707667412,4.4237986921240955,78.78294565714249,0.274563776070499,0.3519577827150308,321.3161857916511,56.98242830111513,439.76258479191483,34.07348353366201
2024,June,Yala,Matale,26.486972807657843,2.198686463318451,83.04316968433085,0.21957426240728828,0.47116727891666443,321.0454331707056,56.9112838496532,432.81413306975855,14.069941266628367
2025,September,Yala,Anuradhapura,28.45856452222939,2.271513564459101,72.14170196480526,0.4238363963116543,0.5932910844913555,276.0986266777513,57.92801651790323,481.1840397779323,21.156162034608307
2023,August,Yala,Polannaruwa,30.37956338123394,0.8037322560414801,64.34379443284075,0.4260476784519837,0.617058427247995,296.79733442349396,59.9597880347691,317.6386147799203,15.072389833508868
2019,September,Yala,Matale,25.55494028934922,6.6624412178624395,81.79613638864559,0.24698570995635422,0.42855929180673225,322.1463636097892,56.949977756513064,430.138533399227,14.395286001732764
2023,October,Yala,Matale,25.10441327185113,13.628664107517451,88.23609760991364,0.37264607575677716,0.6242301082902488,320.60166333893727,56.947836371537775,434.0843471475043,20.571530579254528
2022,November,Yala,Anuradhapura,24.883067943059935,7.319090889696767,87.55499944518726,0.3300058662818265,0.4788070039738292,274.7317153804196,57.9826009285022,479.53417937798724,16.6639069188977
2022,October,Yala,Anuradhapura,26.69631216619856,7.665017035252712,80.78081524639506,0.4543213724264759,0.6895148499270979,276.6699566869369,58.10427766147935,475.43127594381815,11.995120386537458
2023,September,Yala,Kurunegala,25.77026806452651,7.758806713397484,81.41014676715677,0.415935915269215,0.6450026750337343,336.45410705630763,57.14230029236544,396.8658374726405,12.415836385930291
2019,October,Yala,Anuradhapura,26.147478074939023,13.165443257398321,86.36252281127518,0.15874799396182598,0.4642505741690707,276.21179760360155,57.93254661181141,481.7401358798985,23.124438437027944
2019,August,Yala,Matale,25.939380921788203,4.186244677983928,78.62936457082776,0.2659800530930954,0.3594979667062081,319.4108139786695,56.90853348377379,432.47556751312203,34.46550971279529
2019,September,Yala,Anuradhapura,27.455857017880092,4.646827699404571,77.02463298826746,0.3120958182782278,0.4190235144071956,274.13887538727124,58.07958137127299,482.73909419605735,18.56204081104828
2024,August,Yala,Kurunegala,26.118880270762745,4.927158997652407,82.06776045211663,0.5084113117857294,0.7084122936734335,338.9999528444557,56.95063725002007,401.5995692025277,23.05025247004095
2019,October,Yala,Anuradhapura,26.119591331371502,13.652647624818252,86.40129425902994,0.15556489052465344,0.4614637473053273,277.3242740172531,57.99555594911422,477.594665564554,22.976192952658735
2024,August,Yala,Kurunegala,26.105295827940243,4.337225663761471,82.40877485656661,0.508078245845116,0.7060907597325444,336.4777897626174,56.92818045431511,403.13444914803625,22.148850177648285
2024,October,Yala,Polannaruwa,27.704493126148865,6.049316315191521,81.90267113714879,0.36802690994567283,0.6072815724477263,299.138593605756,59.96023290468042,322.97437352121256,21.853020019683537
2020,October,Yala,Polannaruwa,28.451448750881756,1.3753697141987276,72.87502919329813,0.3638377310246482,0.5206561016864673,293.99586791916244,59.92973551062241,311.8433904753027,17.502951108137218
2023,August,Yala,Polannaruwa,30.454589012485407,0.6630042998674196,64.46795122528634,0.41808846470611943,0.6318719266664563,298.7862011269147,60.08692401050041,311.28239777520446,16.029836159169054
2022,August,Yala,Matale,24.83491462651127,6.109231150194981,85.21210784451168,0.30457973621213347,0.5505121630965314,321.2461505429152,57.04751953175158,435.4656403620961,2.0101556600947514
2025,September,Yala,Polannaruwa,28.731718374042977,2.232260096912825,71.30364521340108,0.31978743184620984,0.5443847313776855,297.23377248573723,59.976996173881915,316.08248136385544,22.327739919451883
2024,October,Yala,Kurunegala,25.886637056738945,4.017681600733573,83.23922706449316,0.4122962690239376,0.6047837493801576,337.670386464968,56.967552107616015,396.3175380363741,35.95889326007424
2020,November,Yala,Anuradhapura,26.103502862417372,10.877506740420715,87.39910994277292,0.4700771842528605,0.653820739551641,273.8353414123989,58.01616465923669,476.93465721445386,15.062749470195856
2023,October,Yala,Polannaruwa,27.280715664420953,16.938692709431958,83.04702295987552,0.4211023491952816,0.6016818177066825,295.2580152134524,60.02383173526385,319.30511709989185,18.93872388358507
2020,October,Yala,Anuradhapura,27.650959353953322,1.7384945269984002,76.5080044090729,0.3814285811097861,0.6263963162073027,272.9054962960755,57.94099824298285,476.2854891991395,10.038679018503109
2025,September,Yala,Kurunegala,25.682326097048954,5.281164321443027,83.25483934699325,0.280937448287942,0.45209463580665227,337.4080086376976,56.89235557474702,399.69342594170774,11.980568683297527
2024,October,Yala,Kurunegala,25.763937538990227,3.899522198195267,83.23135505356107,0.4114352257359248,0.6035829323705254,338.4915653305882,57.00163087203649,395.24722655508066,36.16236232896191
2022,September,Yala,Anuradhapura,27.559760596191506,1.8815441453709236,75.98124420564437,0.4423303524127221,0.5957994979495744,275.4878738719102,57.96673748306433,480.42345821767475,13.259642886410315
2024,August,Yala,Anuradhapura,28.114431283827532,3.5871153400127236,76.61270304022683,0.3037180959767994,0.5808174400217351,274.77782478957107,57.9664221263805,478.29442766637567,21.831121346668947
2021,November,Yala,Anuradhapura,25.357740367215104,17.241057208169558,92.10678739164338,0.35681235960585783,0.6088321712372912,273.79562563260754,58.08123125018583,483.9612437311466,37.22237831163638
2021,October,Yala,Kurunegala,24.962016089322564,10.750570608470419,87.2580459038965,0.4377168762891975,0.6335442090674706,337.17145347894495,56.976660198754814,398.2873928864634,26.9484774778782
2024,June,Yala,Matale,26.489464882230692,2.2396315602208388,82.72595774198494,0.2112616101040274,0.46411169876736735,321.0325577803857,57.01745144145794,434.87873938553435,13.701676774495704
