config,loyo_r2,loyo_rmse
"eb[sqrt,phi0.5]",-0.18515598984230208,6.649923709477568
"eb[sqrt,phi2.0]",-0.18515598984230208,6.649923709477568
mean[sqrt],-0.18515598984230208,6.649923709477568
"eb[sqrt,phi1.0]",-0.18515598984230208,6.649923709477568
"eb[sat50,phi1.0]",-0.18589391733148664,6.651993647078682
"eb[sat50,phi0.5]",-0.18589391733148664,6.651993647078682
mean[sat50],-0.18589391733148664,6.651993647078682
"eb[sat50,phi2.0]",-0.18589391733148664,6.651993647078682
"eb[sat200,phi0.5]",-0.18748211771597179,6.656446475407085
"eb[sat200,phi1.0]",-0.18748211771597179,6.656446475407085
"eb[sat200,phi2.0]",-0.18748211771597179,6.656446475407085
mean[sat200],-0.18748211771597179,6.656446475407085
mean[log],-0.18879638495749362,6.66012902782505
"eb[lin,phi0.5]",-0.19273060521288365,6.671140489497461
"eb[lin,phi1.0]",-0.19273060521288365,6.671140489497461
mean[lin],-0.19273060521288365,6.671140489497461
"eb[lin,phi2.0]",-0.19273060521288365,6.671140489497461
trim6+eb[lin],-0.19333722999716763,6.672836750459959
trim6+mean[lin],-0.19333722999716763,6.672836750459959
trim2+eb[lin],-0.19365945724018663,6.673737595839834
trim2+mean[lin],-0.19365945724018663,6.673737595839834
trim4+eb[lin],-0.19369571194405633,6.673838944906185
trim4+mean[lin],-0.19369571194405633,6.673838944906185
trim6+mean[equal],-0.19387335983122034,6.674335532633164
"ridge[equal,k2,l100]",-0.1970578193573984,6.683230947327284
"ridge[equal,k2,l30]",-0.1981984913775594,6.686414402301622
trim4+mean[equal],-0.2019072771107968,6.6967546416147
"ridge[equal,k3,l100]",-0.21393670583116653,6.730183828598195
mean[equal],-0.21495511524333555,6.733006317448089
"eb[equal,phi0.5]",-0.21495511524333555,6.733006317448089
"eb[equal,phi1.0]",-0.21495511524333555,6.733006317448089
"eb[equal,phi2.0]",-0.21495511524333555,6.733006317448089
trim2+mean[equal],-0.21859927430884518,6.7430963095389265
"ridge[equal,k2,l10]",-0.2225083971890267,6.753903178886674
"ridge[equal,k1,l100]",-0.22605225422514974,6.763685339324661
"ridge[equal,k3,l30]",-0.2353191542973263,6.789198283623587
"ridge[equal,k5,l100]",-0.23963919825213353,6.801059201273158
"ridge[sat50,k1,l100,log]",-0.24572406875503794,6.81773054612241
"ridge[equal,k2,l3]",-0.2506721198822812,6.8312572363210835
"gamma[k1,l100]",-0.2546532972765563,6.842121329992158
"ridge[equal,k1,l30]",-0.2572264579443837,6.849133968394972
"ridge[sat50,k2,l100,log]",-0.25933517102835113,6.854875498585545
"ridge[equal,k1,l100,log]",-0.2643296882931361,6.8684552493223165
"ridge[sqrt,k1,l100]",-0.26732298569374047,6.8765809681428065
"ridge[sat50,k1,l100]",-0.26914789689929863,6.881530233423253
"ridge[equal,k3,l10]",-0.273308355159982,6.892800351795313
"gamma[k2,l100]",-0.2750839628489905,6.897604626222039
"ridge[equal,k5,l30]",-0.2881474427031485,6.932848228316942
"gamma[k3,l100]",-0.28871857644555354,6.9343849874735595
"ridge[sqrt,k2,l100]",-0.29007646237178353,6.938037307262241
"ridge[sat50,k2,l100]",-0.2930583668775706,6.946051027430412
"ridge[sqrt,k1,l100,log]",-0.29482002483219594,6.950781054099192
"ridge[equal,k2,l100,log]",-0.29716930052287216,6.9570838222575775
"ridge[lin,k1,l100]",-0.3011730582596903,6.967812189719901
"ridge[equal,k3,l3]",-0.30756806644530865,6.984913911856049
"ridge[sqrt,k2,l100,log]",-0.3091510068456482,6.989140597419803
"ridge[equal,k1,l10]",-0.30987724819903906,6.991078914372773
"ridge[sqrt,k5,l100]",-0.31510625359111843,7.005019143857493
"ridge[sat50,k3,l100]",-0.31691693282851463,7.009839849337481
"ridge[sqrt,k3,l100]",-0.3170334928772256,7.010150062219976
"ridge[equal,k3,l100,log]",-0.31939206712306123,7.016424224477977
"gamma[k1,l30]",-0.3203557917062929,7.018986262842333
"ridge[sat50,k5,l100]",-0.32690659176447556,7.036376683590681
"ridge[lin,k1,l100,log]",-0.32792256101883344,7.039069930632581
"ridge[sqrt,k3,l100,log]",-0.3336343790456662,7.054192327770991
"ridge[lin,k5,l100]",-0.3372411050673325,7.063724685640258
"ridge[lin,k2,l100]",-0.342129251199899,7.076623265431914
"ridge[sat50,k3,l100,log]",-0.34431368897056136,7.08237984895134
"ridge[equal,k5,l10]",-0.344595901128808,7.083123212956117
"ridge[equal,k1,l30,log]",-0.3471988782436424,7.089975938439601
"ridge[lin,k3,l100]",-0.3507743610581753,7.09937814696012
"ridge[equal,k5,l100,log]",-0.35209543684666134,7.10284894297963
"ridge[sat50,k1,l30,log]",-0.35848757897979167,7.119618796760256
"ridge[equal,k1,l3]",-0.35897891267815174,7.120906181514186
"gamma[k1,l100,pw]",-0.3668015434223566,7.141371652704871
"gamma[k2,l30]",-0.3700441489933206,7.149837744088267
"ridge[lin,k3,l100,log]",-0.37289707555554363,7.157278144491502
"ridge[sat50,k2,l30,log]",-0.3764526533750585,7.1665402386682855
"ridge[lin,k2,l100,log]",-0.37974080131264865,7.1750950509581015
"ridge[equal,k5,l3]",-0.38719960749119386,7.19446300387346
"gamma[k3,l30]",-0.3921755782645535,7.2073549450170455
"ridge[sqrt,k5,l100,log]",-0.39909866325575605,7.225253280761406
"ridge[lin,k5,l100,log]",-0.3994468726189835,7.226152339701811
"gamma[k1,l10]",-0.40631572478965317,7.243864557404737
"gamma[k2,l100,pw]",-0.4115791757256635,7.257407788215368
"ridge[sat50,k1,l30]",-0.4134825527141055,7.262299093565582
"ridge[sat50,k5,l100,log]",-0.41562854737746124,7.267809930681228
"ridge[sqrt,k1,l30]",-0.41909358124889207,7.27669920330321
"gamma[k3,l100,pw]",-0.42627432475502536,7.295086354733065
"ridge[equal,k2,l30,log]",-0.4271499856030019,7.297325419551211
"ridge[equal,k1,l10,log]",-0.45407607413590134,7.365843194445257
"ridge[equal,k3,l30,log]",-0.46142535896966264,7.384434192355335
"ridge[sat50,k2,l30]",-0.4639249675199706,7.390746628633343
"ridge[sqrt,k2,l30]",-0.47627872586769504,7.421865601792418
"gamma[k1,l3]",-0.47736111225587474,7.424585905967095
"gamma[k1,l30,pw]",-0.4777190199844359,7.425485197187492
"ridge[sqrt,k1,l30,log]",-0.4828015434938622,7.438243985220038
"gamma[k2,l10]",-0.48522351152837295,7.444316220194725
"gamma[k3,l10]",-0.5056469017446388,7.495325063511892
"ridge[sat50,k1,l10,log]",-0.5058645978438443,7.495866905045405
"ridge[sqrt,k2,l30,log]",-0.5105344331917194,7.507480621247265
"ridge[sat50,k2,l10,log]",-0.5179867526919095,7.525977156895204
"ridge[sat50,k3,l30]",-0.5403600889732527,7.581236306173279
"ridge[equal,k1,l3,log]",-0.5406723218856782,7.582004630270563
"ridge[lin,k1,l30]",-0.5432107577709206,7.588248174470506
"ridge[equal,k5,l30,log]",-0.543687226792561,7.5894195265138045
"ridge[sqrt,k3,l30]",-0.5496283294452404,7.604009988753865
"gamma[k2,l30,pw]",-0.5523009866936348,7.610564514378018
"ridge[sqrt,k5,l30]",-0.5580396811665131,7.624619267330239
"gamma[k3,l30,pw]",-0.5610303189119712,7.6319334399646355
"gamma[k1,l10,pw]",-0.5611446464047707,7.632212910462275
"ridge[sqrt,k3,l30,log]",-0.5708160909628863,7.655817563267436
"gamma[k2,l3]",-0.5741136458399076,7.66384913467711
"ridge[equal,k2,l10,log]",-0.5749581408685613,7.665904645311241
"ridge[sat50,k5,l30]",-0.5787028932636276,7.675012782950403
"gamma[k3,l3]",-0.5901226785477629,7.7027219444274
"ridge[sat50,k3,l30,log]",-0.596701681182424,7.718640187597494
"ridge[equal,k3,l10,log]",-0.6042199096423089,7.736790838646247
"gamma[k1,l3,pw]",-0.6057435820454316,7.740464130828928
"ridge[sat50,k1,l10]",-0.6076202850171124,7.744986119963046
"ridge[lin,k1,l30,log]",-0.6150262984081922,7.762805490005375
"ridge[sat50,k1,l3,log]",-0.6219930375328155,7.779530680007991
"ridge[sqrt,k1,l10]",-0.6316041723004227,7.802545477316869
"ridge[sat50,k2,l3,log]",-0.6371941318140362,7.815900009111521
"ridge[lin,k5,l30]",-0.6397778727809302,7.822064916355096
"gamma[k3,l10,pw]",-0.647872553363877,7.841347762490829
"gamma[k2,l10,pw]",-0.6480788625502494,7.841838604893228
"ridge[sat50,k2,l10]",-0.6664242235639086,7.885362987460455
"ridge[lin,k2,l30]",-0.6668838122213969,7.8864502776900585
"ridge[lin,k3,l30]",-0.6739272373521423,7.903094829079036
"ridge[equal,k2,l3,log]",-0.6817892772620506,7.921632570358294
"gamma[k3,l3,pw]",-0.6909389553670695,7.943151935171045
"gamma[k2,l3,pw]",-0.6962345857887058,7.955580271121889
"ridge[sqrt,k2,l10]",-0.7031437908131983,7.971766380017027
"ridge[equal,k3,l3,log]",-0.704227161442579,7.9743013992686524
"ridge[sqrt,k1,l10,log]",-0.7143929924094574,7.998049662117313
"ridge[sqrt,k2,l10,log]",-0.7477237867102313,8.075423429936977
"ridge[lin,k3,l30,log]",-0.7478728878583205,8.075767886319328
"ridge[equal,k5,l10,log]",-0.755771077354271,8.093993482714966
"ridge[lin,k2,l30,log]",-0.764891779201901,8.114989180427846
"ridge[sat50,k1,l3]",-0.7700766445450498,8.126900468726083
"ridge[sqrt,k1,l3]",-0.813373174690831,8.22569303379559
"ridge[sqrt,k5,l30,log]",-0.8178976765816808,8.235948500849398
"ridge[sat50,k2,l3]",-0.8204733149928192,8.24178087447524
"ridge[sat50,k3,l10]",-0.8214043115872245,8.243888043282569
"ridge[sat50,k5,l30,log]",-0.8237605187317583,8.249218553899794
"ridge[lin,k5,l30,log]",-0.8354017362608122,8.27550440403541
"ridge[sqrt,k3,l10]",-0.8403746346358476,8.286707783600855
"ridge[sqrt,k3,l10,log]",-0.8448021328546726,8.29666970746934
"ridge[sqrt,k2,l3]",-0.8761004462823998,8.366753005968016
"ridge[sqrt,k1,l3,log]",-0.8903878822582107,8.398551069492399
"ridge[sat50,k3,l10,log]",-0.8970921835903436,8.413430709539206
"ridge[sqrt,k5,l10]",-0.9124076456823251,8.447323779660268
"ridge[lin,k1,l10]",-0.9172954603337087,8.458111909655267
"ridge[equal,k5,l3,log]",-0.9260342302587723,8.477365453254441
"ridge[sqrt,k2,l3,log]",-0.9362856345830772,8.499896093523592
"ridge[sat50,k5,l10]",-0.9406667202579448,8.50950669327525
"ridge[lin,k1,l10,log]",-1.0144249971446064,8.669707711640747
"ridge[sat50,k3,l3]",-1.0466489733035806,8.738775572085288
"ridge[sqrt,k3,l3,log]",-1.0589223258601006,8.764938768564878
"ridge[sqrt,k3,l3]",-1.069441485950978,8.787300547154933
"ridge[lin,k3,l10]",-1.0695206366657657,8.787468591159499
"ridge[lin,k2,l10]",-1.0828512475866403,8.815724963109119
"ridge[lin,k5,l10]",-1.0868158075219316,8.82411102870138
"ridge[sat50,k3,l3,log]",-1.1379662702474955,8.931601328971276
"ridge[lin,k3,l10,log]",-1.1557328975144294,8.968635618836133
"ridge[lin,k2,l10,log]",-1.1885522727740736,9.03664802697692
"ridge[lin,k1,l3]",-1.2531638962976959,9.1690701808846
"ridge[sqrt,k5,l3]",-1.2769162484118128,9.217272627209454
"ridge[sat50,k5,l3]",-1.2872684597007056,9.238202457557264
"ridge[lin,k5,l10,log]",-1.3324250966843807,9.32894983875803
"ridge[lin,k1,l3,log]",-1.3519450876461123,9.367905345495267
"ridge[lin,k3,l3]",-1.370958623907955,9.405695018904375
"ridge[sat50,k5,l10,log]",-1.383354021987825,9.430249507088691
"ridge[lin,k2,l3]",-1.4009363003075253,9.464969611932272
"ridge[lin,k3,l3,log]",-1.4306634398684261,9.523384508180715
"ridge[sqrt,k5,l10,log]",-1.459986504460626,9.580656452408059
"ridge[lin,k2,l3,log]",-1.4728939504793659,9.605758219806317
"ridge[lin,k5,l3]",-1.614701465468492,9.87733901689216
"ridge[lin,k5,l3,log]",-1.740319169100371,10.111823474560442
"ridge[sat50,k5,l3,log]",-1.9110109279653535,10.42199409891605
"ridge[sqrt,k5,l3,log]",-2.1631725993970847,10.864014836016496
